GEO.id,GEO.id2,GEO.display-label,HD01_VD01,HD02_VD01
Id,Id2,Geography,Estimate; Per capita income in the past 12 months (in 2017 inflation-adjusted dollars),Margin of Error; Per capita income in the past 12 months (in 2017 inflation-adjusted dollars)
8600000US20001,20001,ZCTA5 20001,54353,2353
8600000US20002,20002,ZCTA5 20002,49452,1563
8600000US20003,20003,ZCTA5 20003,63600,2632
8600000US20004,20004,ZCTA5 20004,117432,12612
8600000US20005,20005,ZCTA5 20005,76658,5296
8600000US20006,20006,ZCTA5 20006,15033,3328
8600000US20007,20007,ZCTA5 20007,83915,6276
8600000US20008,20008,ZCTA5 20008,97465,6105
8600000US20009,20009,ZCTA5 20009,74204,2855
8600000US20010,20010,ZCTA5 20010,45700,2178
8600000US20011,20011,ZCTA5 20011,38579,1390
8600000US20012,20012,ZCTA5 20012,52812,3836
8600000US20015,20015,ZCTA5 20015,92413,6527
8600000US20016,20016,ZCTA5 20016,86814,5510
8600000US20017,20017,ZCTA5 20017,40512,2574
8600000US20018,20018,ZCTA5 20018,36081,2155
8600000US20019,20019,ZCTA5 20019,21712,1090
8600000US20020,20020,ZCTA5 20020,22656,1689
8600000US20024,20024,ZCTA5 20024,55075,4002
8600000US20032,20032,ZCTA5 20032,20041,1295
8600000US20036,20036,ZCTA5 20036,73598,7354
8600000US20037,20037,ZCTA5 20037,57188,6371
8600000US20045,20045,ZCTA5 20045,-,**
8600000US20052,20052,ZCTA5 20052,4190,3917
8600000US20053,20053,ZCTA5 20053,-,**
8600000US20057,20057,ZCTA5 20057,3469,1124
8600000US20064,20064,ZCTA5 20064,3737,817
8600000US20105,20105,ZCTA5 20105,47901,2417
8600000US20106,20106,ZCTA5 20106,39872,4388
8600000US20109,20109,ZCTA5 20109,28232,1450
8600000US20110,20110,ZCTA5 20110,30711,1047
8600000US20111,20111,ZCTA5 20111,32146,1401
8600000US20112,20112,ZCTA5 20112,48077,2068
8600000US20115,20115,ZCTA5 20115,43299,5150
8600000US20117,20117,ZCTA5 20117,61258,12080
8600000US20119,20119,ZCTA5 20119,42233,4594
8600000US20120,20120,ZCTA5 20120,48183,1642
8600000US20121,20121,ZCTA5 20121,36734,1560
8600000US20124,20124,ZCTA5 20124,66977,3704
8600000US20129,20129,ZCTA5 20129,80047,22677
8600000US20130,20130,ZCTA5 20130,36700,9549
8600000US20132,20132,ZCTA5 20132,47232,2906
8600000US20135,20135,ZCTA5 20135,50880,10544
8600000US20136,20136,ZCTA5 20136,43319,1710
8600000US20137,20137,ZCTA5 20137,55684,8658
8600000US20139,20139,ZCTA5 20139,41249,20398
8600000US20141,20141,ZCTA5 20141,47390,3712
8600000US20143,20143,ZCTA5 20143,66984,24393
8600000US20144,20144,ZCTA5 20144,49188,13728
8600000US20147,20147,ZCTA5 20147,52300,1832
8600000US20148,20148,ZCTA5 20148,55866,1970
8600000US20151,20151,ZCTA5 20151,43957,2441
8600000US20152,20152,ZCTA5 20152,52023,2225
8600000US20155,20155,ZCTA5 20155,47217,1559
8600000US20158,20158,ZCTA5 20158,53151,4916
8600000US20164,20164,ZCTA5 20164,34881,1773
8600000US20165,20165,ZCTA5 20165,54896,2194
8600000US20166,20166,ZCTA5 20166,44818,3521
8600000US20169,20169,ZCTA5 20169,51508,1983
8600000US20170,20170,ZCTA5 20170,45981,1656
8600000US20171,20171,ZCTA5 20171,56386,1658
8600000US20175,20175,ZCTA5 20175,53591,2420
8600000US20176,20176,ZCTA5 20176,51429,2379
8600000US20180,20180,ZCTA5 20180,47847,3281
8600000US20181,20181,ZCTA5 20181,44609,3562
8600000US20184,20184,ZCTA5 20184,79457,29692
8600000US20186,20186,ZCTA5 20186,43308,3894
8600000US20187,20187,ZCTA5 20187,48909,2819
8600000US20190,20190,ZCTA5 20190,63886,5021
8600000US20191,20191,ZCTA5 20191,55389,2825
8600000US20194,20194,ZCTA5 20194,74537,4068
8600000US20197,20197,ZCTA5 20197,63375,13600
8600000US20198,20198,ZCTA5 20198,56392,15467
8600000US20202,20202,ZCTA5 20202,-,**
8600000US20204,20204,ZCTA5 20204,-,**
8600000US20228,20228,ZCTA5 20228,-,**
8600000US20230,20230,ZCTA5 20230,-,**
8600000US20240,20240,ZCTA5 20240,-,**
8600000US20245,20245,ZCTA5 20245,-,**
8600000US20260,20260,ZCTA5 20260,-,**
8600000US20307,20307,ZCTA5 20307,39423,8645
8600000US20317,20317,ZCTA5 20317,36099,14586
8600000US20319,20319,ZCTA5 20319,20515,3691
8600000US20373,20373,ZCTA5 20373,21211,4130
8600000US20390,20390,ZCTA5 20390,21298,1137
8600000US20405,20405,ZCTA5 20405,-,**
8600000US20418,20418,ZCTA5 20418,-,**
8600000US20427,20427,ZCTA5 20427,-,**
8600000US20506,20506,ZCTA5 20506,-,**
8600000US20510,20510,ZCTA5 20510,-,**
8600000US20520,20520,ZCTA5 20520,-,**
8600000US20535,20535,ZCTA5 20535,-,**
8600000US20540,20540,ZCTA5 20540,-,**
8600000US20551,20551,ZCTA5 20551,-,**
8600000US20553,20553,ZCTA5 20553,-,**
8600000US20560,20560,ZCTA5 20560,-,**
8600000US20565,20565,ZCTA5 20565,-,**
8600000US20566,20566,ZCTA5 20566,-,**
8600000US20593,20593,ZCTA5 20593,-,**
8600000US20601,20601,ZCTA5 20601,39833,2551
8600000US20602,20602,ZCTA5 20602,33458,1794
8600000US20603,20603,ZCTA5 20603,43988,2525
8600000US20606,20606,ZCTA5 20606,32799,11604
8600000US20607,20607,ZCTA5 20607,47371,3459
8600000US20608,20608,ZCTA5 20608,31069,4497
8600000US20609,20609,ZCTA5 20609,25716,5766
8600000US20611,20611,ZCTA5 20611,43112,17052
8600000US20612,20612,ZCTA5 20612,27874,10785
8600000US20613,20613,ZCTA5 20613,44833,2219
8600000US20615,20615,ZCTA5 20615,46678,11732
8600000US20616,20616,ZCTA5 20616,35444,3286
8600000US20617,20617,ZCTA5 20617,39393,10905
8600000US20618,20618,ZCTA5 20618,41842,10739
8600000US20619,20619,ZCTA5 20619,40749,2435
8600000US20620,20620,ZCTA5 20620,36246,6534
8600000US20621,20621,ZCTA5 20621,33953,8682
8600000US20622,20622,ZCTA5 20622,29483,3718
8600000US20623,20623,ZCTA5 20623,39825,4371
8600000US20624,20624,ZCTA5 20624,45251,22354
8600000US20625,20625,ZCTA5 20625,27184,7698
8600000US20626,20626,ZCTA5 20626,80046,46728
8600000US20628,20628,ZCTA5 20628,102344,77581
8600000US20629,20629,ZCTA5 20629,42834,28643
8600000US20630,20630,ZCTA5 20630,32706,12694
8600000US20632,20632,ZCTA5 20632,25942,7340
8600000US20634,20634,ZCTA5 20634,34097,4281
8600000US20636,20636,ZCTA5 20636,41815,3831
8600000US20637,20637,ZCTA5 20637,46109,3663
8600000US20639,20639,ZCTA5 20639,44349,3078
8600000US20640,20640,ZCTA5 20640,30311,1783
8600000US20645,20645,ZCTA5 20645,52551,13394
8600000US20646,20646,ZCTA5 20646,42299,3062
8600000US20650,20650,ZCTA5 20650,46577,3957
8600000US20653,20653,ZCTA5 20653,34437,2487
8600000US20657,20657,ZCTA5 20657,37011,1956
8600000US20658,20658,ZCTA5 20658,30479,8489
8600000US20659,20659,ZCTA5 20659,36117,2430
8600000US20662,20662,ZCTA5 20662,31069,4369
8600000US20664,20664,ZCTA5 20664,31018,3771
8600000US20667,20667,ZCTA5 20667,24587,9263
8600000US20670,20670,ZCTA5 20670,20360,2443
8600000US20674,20674,ZCTA5 20674,38234,29145
8600000US20675,20675,ZCTA5 20675,38195,5454
8600000US20676,20676,ZCTA5 20676,35790,3909
8600000US20677,20677,ZCTA5 20677,43960,4647
8600000US20678,20678,ZCTA5 20678,36498,2489
8600000US20680,20680,ZCTA5 20680,26715,5413
8600000US20684,20684,ZCTA5 20684,41202,10855
8600000US20685,20685,ZCTA5 20685,40909,4478
8600000US20686,20686,ZCTA5 20686,4312,2727
8600000US20687,20687,ZCTA5 20687,51678,27332
8600000US20688,20688,ZCTA5 20688,73269,31340
8600000US20689,20689,ZCTA5 20689,44184,7176
8600000US20690,20690,ZCTA5 20690,45388,13951
8600000US20692,20692,ZCTA5 20692,39234,5949
8600000US20693,20693,ZCTA5 20693,49056,9473
8600000US20695,20695,ZCTA5 20695,40797,3623
8600000US20701,20701,ZCTA5 20701,-,**
8600000US20705,20705,ZCTA5 20705,32677,1893
8600000US20706,20706,ZCTA5 20706,29999,1365
8600000US20707,20707,ZCTA5 20707,37922,1636
8600000US20708,20708,ZCTA5 20708,33919,2015
8600000US20710,20710,ZCTA5 20710,22297,2650
8600000US20711,20711,ZCTA5 20711,33692,4693
8600000US20712,20712,ZCTA5 20712,26529,2054
8600000US20714,20714,ZCTA5 20714,44121,5508
8600000US20715,20715,ZCTA5 20715,43638,1818
8600000US20716,20716,ZCTA5 20716,43305,1963
8600000US20720,20720,ZCTA5 20720,50326,2316
8600000US20721,20721,ZCTA5 20721,49180,2615
8600000US20722,20722,ZCTA5 20722,27202,1741
8600000US20723,20723,ZCTA5 20723,44333,2279
8600000US20724,20724,ZCTA5 20724,41793,3448
8600000US20732,20732,ZCTA5 20732,39736,3187
8600000US20733,20733,ZCTA5 20733,39450,3883
8600000US20735,20735,ZCTA5 20735,40525,1690
8600000US20736,20736,ZCTA5 20736,47446,2793
8600000US20737,20737,ZCTA5 20737,22702,1590
8600000US20740,20740,ZCTA5 20740,28159,1632
8600000US20742,20742,ZCTA5 20742,2290,218
8600000US20743,20743,ZCTA5 20743,27350,1059
8600000US20744,20744,ZCTA5 20744,40353,1612
8600000US20745,20745,ZCTA5 20745,28083,1591
8600000US20746,20746,ZCTA5 20746,31498,1370
8600000US20747,20747,ZCTA5 20747,29929,1037
8600000US20748,20748,ZCTA5 20748,33290,1409
8600000US20751,20751,ZCTA5 20751,50570,11733
8600000US20754,20754,ZCTA5 20754,45226,2984
8600000US20755,20755,ZCTA5 20755,23711,1946
8600000US20758,20758,ZCTA5 20758,53661,12790
8600000US20759,20759,ZCTA5 20759,68575,7983
8600000US20762,20762,ZCTA5 20762,24428,3121
8600000US20763,20763,ZCTA5 20763,38690,6937
8600000US20764,20764,ZCTA5 20764,33925,3414
8600000US20765,20765,ZCTA5 20765,54115,25952
8600000US20769,20769,ZCTA5 20769,46509,5280
8600000US20770,20770,ZCTA5 20770,34262,1723
8600000US20772,20772,ZCTA5 20772,43343,1586
8600000US20774,20774,ZCTA5 20774,43304,1383
8600000US20776,20776,ZCTA5 20776,40067,6507
8600000US20777,20777,ZCTA5 20777,79439,14953
8600000US20778,20778,ZCTA5 20778,50059,11949
8600000US20779,20779,ZCTA5 20779,56830,11630
8600000US20781,20781,ZCTA5 20781,32024,2259
8600000US20782,20782,ZCTA5 20782,30650,1829
8600000US20783,20783,ZCTA5 20783,22497,919
8600000US20784,20784,ZCTA5 20784,27272,1587
8600000US20785,20785,ZCTA5 20785,31098,1210
8600000US20794,20794,ZCTA5 20794,24621,2733
8600000US20812,20812,ZCTA5 20812,69219,11880
8600000US20814,20814,ZCTA5 20814,78293,3652
8600000US20815,20815,ZCTA5 20815,103067,4760
8600000US20816,20816,ZCTA5 20816,99522,7255
8600000US20817,20817,ZCTA5 20817,91919,3691
8600000US20818,20818,ZCTA5 20818,93084,21594
8600000US20832,20832,ZCTA5 20832,49905,2311
8600000US20833,20833,ZCTA5 20833,59788,5039
8600000US20837,20837,ZCTA5 20837,56555,7436
8600000US20838,20838,ZCTA5 20838,61301,16907
8600000US20839,20839,ZCTA5 20839,41235,12463
8600000US20841,20841,ZCTA5 20841,48614,3080
8600000US20842,20842,ZCTA5 20842,56238,7499
8600000US20850,20850,ZCTA5 20850,52750,1720
8600000US20851,20851,ZCTA5 20851,34994,3664
8600000US20852,20852,ZCTA5 20852,57388,2978
8600000US20853,20853,ZCTA5 20853,44827,2226
8600000US20854,20854,ZCTA5 20854,89796,3120
8600000US20855,20855,ZCTA5 20855,55498,3953
8600000US20860,20860,ZCTA5 20860,50642,9722
8600000US20861,20861,ZCTA5 20861,74215,12337
8600000US20862,20862,ZCTA5 20862,44448,7726
8600000US20866,20866,ZCTA5 20866,37256,2516
8600000US20868,20868,ZCTA5 20868,71249,23807
8600000US20871,20871,ZCTA5 20871,45174,2508
8600000US20872,20872,ZCTA5 20872,42404,2176
8600000US20874,20874,ZCTA5 20874,40441,1726
8600000US20876,20876,ZCTA5 20876,38718,1996
8600000US20877,20877,ZCTA5 20877,30320,1842
8600000US20878,20878,ZCTA5 20878,54676,2038
8600000US20879,20879,ZCTA5 20879,33665,2189
8600000US20880,20880,ZCTA5 20880,53245,9351
8600000US20882,20882,ZCTA5 20882,58702,3632
8600000US20886,20886,ZCTA5 20886,36527,1937
8600000US20895,20895,ZCTA5 20895,63452,2979
8600000US20896,20896,ZCTA5 20896,77368,10611
8600000US20899,20899,ZCTA5 20899,29242,12643
8600000US20901,20901,ZCTA5 20901,43834,2218
8600000US20902,20902,ZCTA5 20902,33926,1196
8600000US20903,20903,ZCTA5 20903,24013,1740
8600000US20904,20904,ZCTA5 20904,37118,1327
8600000US20905,20905,ZCTA5 20905,44742,2967
8600000US20906,20906,ZCTA5 20906,34469,1314
8600000US20910,20910,ZCTA5 20910,49902,2165
8600000US20912,20912,ZCTA5 20912,37835,1729
8600000US21001,21001,ZCTA5 21001,31155,1745
8600000US21005,21005,ZCTA5 21005,28370,2891
8600000US21009,21009,ZCTA5 21009,38446,1479
8600000US21010,21010,ZCTA5 21010,50617,15469
8600000US21012,21012,ZCTA5 21012,50254,2488
8600000US21013,21013,ZCTA5 21013,50122,4937
8600000US21014,21014,ZCTA5 21014,40092,1331
8600000US21015,21015,ZCTA5 21015,45947,2419
8600000US21017,21017,ZCTA5 21017,36554,3572
8600000US21028,21028,ZCTA5 21028,50357,4257
8600000US21029,21029,ZCTA5 21029,67058,5343
8600000US21030,21030,ZCTA5 21030,43660,3011
8600000US21031,21031,ZCTA5 21031,-,**
8600000US21032,21032,ZCTA5 21032,68901,10090
8600000US21034,21034,ZCTA5 21034,37462,4861
8600000US21035,21035,ZCTA5 21035,66626,7403
8600000US21036,21036,ZCTA5 21036,57742,8627
8600000US21037,21037,ZCTA5 21037,50460,3099
8600000US21040,21040,ZCTA5 21040,25328,1976
8600000US21042,21042,ZCTA5 21042,62235,2265
8600000US21043,21043,ZCTA5 21043,48890,2061
8600000US21044,21044,ZCTA5 21044,53414,3048
8600000US21045,21045,ZCTA5 21045,42082,1366
8600000US21046,21046,ZCTA5 21046,48771,2653
8600000US21047,21047,ZCTA5 21047,43747,3673
8600000US21048,21048,ZCTA5 21048,49253,7028
8600000US21050,21050,ZCTA5 21050,41850,2294
8600000US21051,21051,ZCTA5 21051,52764,13239
8600000US21052,21052,ZCTA5 21052,35845,13428
8600000US21053,21053,ZCTA5 21053,53958,18918
8600000US21054,21054,ZCTA5 21054,51951,3623
8600000US21056,21056,ZCTA5 21056,298129,254530
8600000US21057,21057,ZCTA5 21057,57813,6458
8600000US21060,21060,ZCTA5 21060,33220,1600
8600000US21061,21061,ZCTA5 21061,31150,1152
8600000US21071,21071,ZCTA5 21071,69474,32651
8600000US21074,21074,ZCTA5 21074,40023,4504
8600000US21075,21075,ZCTA5 21075,41396,1900
8600000US21076,21076,ZCTA5 21076,51478,2885
8600000US21077,21077,ZCTA5 21077,69553,31662
8600000US21078,21078,ZCTA5 21078,41351,2159
8600000US21082,21082,ZCTA5 21082,72879,25194
8600000US21084,21084,ZCTA5 21084,38839,2980
8600000US21085,21085,ZCTA5 21085,33703,1424
8600000US21087,21087,ZCTA5 21087,49376,5129
8600000US21090,21090,ZCTA5 21090,37358,2479
8600000US21093,21093,ZCTA5 21093,51746,2722
8600000US21102,21102,ZCTA5 21102,37151,2397
8600000US21104,21104,ZCTA5 21104,54633,5136
8600000US21108,21108,ZCTA5 21108,49901,3239
8600000US21111,21111,ZCTA5 21111,56656,8058
8600000US21113,21113,ZCTA5 21113,45558,2793
8600000US21114,21114,ZCTA5 21114,49426,2104
8600000US21117,21117,ZCTA5 21117,41032,1839
8600000US21120,21120,ZCTA5 21120,47056,4738
8600000US21122,21122,ZCTA5 21122,37833,1316
8600000US21128,21128,ZCTA5 21128,41693,3325
8600000US21130,21130,ZCTA5 21130,22673,10462
8600000US21131,21131,ZCTA5 21131,61631,7040
8600000US21132,21132,ZCTA5 21132,37731,4458
8600000US21133,21133,ZCTA5 21133,32807,1559
8600000US21136,21136,ZCTA5 21136,43043,2031
8600000US21140,21140,ZCTA5 21140,54422,6951
8600000US21144,21144,ZCTA5 21144,38183,1700
8600000US21146,21146,ZCTA5 21146,53905,3149
8600000US21152,21152,ZCTA5 21152,53239,7737
8600000US21153,21153,ZCTA5 21153,142504,43340
8600000US21154,21154,ZCTA5 21154,36522,3566
8600000US21155,21155,ZCTA5 21155,43029,5824
8600000US21156,21156,ZCTA5 21156,55341,18556
8600000US21157,21157,ZCTA5 21157,35120,1340
8600000US21158,21158,ZCTA5 21158,37401,2109
8600000US21160,21160,ZCTA5 21160,32256,5404
8600000US21161,21161,ZCTA5 21161,40023,2941
8600000US21162,21162,ZCTA5 21162,33809,2746
8600000US21163,21163,ZCTA5 21163,58434,7311
8600000US21201,21201,ZCTA5 21201,30798,2790
8600000US21202,21202,ZCTA5 21202,28033,2311
8600000US21204,21204,ZCTA5 21204,46661,2678
8600000US21205,21205,ZCTA5 21205,15199,1257
8600000US21206,21206,ZCTA5 21206,25884,1282
8600000US21207,21207,ZCTA5 21207,28352,1387
8600000US21208,21208,ZCTA5 21208,44600,2732
8600000US21209,21209,ZCTA5 21209,49072,3086
8600000US21210,21210,ZCTA5 21210,58576,5058
8600000US21211,21211,ZCTA5 21211,41121,3036
8600000US21212,21212,ZCTA5 21212,43695,2327
8600000US21213,21213,ZCTA5 21213,18616,1430
8600000US21214,21214,ZCTA5 21214,31808,1978
8600000US21215,21215,ZCTA5 21215,21914,1226
8600000US21216,21216,ZCTA5 21216,20716,1645
8600000US21217,21217,ZCTA5 21217,20689,1558
8600000US21218,21218,ZCTA5 21218,27652,1771
8600000US21219,21219,ZCTA5 21219,34469,2356
8600000US21220,21220,ZCTA5 21220,30731,1551
8600000US21221,21221,ZCTA5 21221,26828,1113
8600000US21222,21222,ZCTA5 21222,24120,825
8600000US21223,21223,ZCTA5 21223,17093,1853
8600000US21224,21224,ZCTA5 21224,35574,1364
8600000US21225,21225,ZCTA5 21225,21773,1214
8600000US21226,21226,ZCTA5 21226,29691,3935
8600000US21227,21227,ZCTA5 21227,27897,1380
8600000US21228,21228,ZCTA5 21228,39741,1321
8600000US21229,21229,ZCTA5 21229,23845,1238
8600000US21230,21230,ZCTA5 21230,46184,2124
8600000US21231,21231,ZCTA5 21231,46343,3619
8600000US21234,21234,ZCTA5 21234,33528,1069
8600000US21236,21236,ZCTA5 21236,36446,1775
8600000US21237,21237,ZCTA5 21237,31694,1752
8600000US21239,21239,ZCTA5 21239,27530,3447
8600000US21240,21240,ZCTA5 21240,-,**
8600000US21244,21244,ZCTA5 21244,32319,1541
8600000US21250,21250,ZCTA5 21250,3016,986
8600000US21251,21251,ZCTA5 21251,731,302
8600000US21252,21252,ZCTA5 21252,3542,738
8600000US21286,21286,ZCTA5 21286,41687,2160
8600000US21401,21401,ZCTA5 21401,53961,3063
8600000US21402,21402,ZCTA5 21402,13256,795
8600000US21403,21403,ZCTA5 21403,52077,3454
8600000US21405,21405,ZCTA5 21405,91584,36301
8600000US21409,21409,ZCTA5 21409,52796,3016
8600000US21502,21502,ZCTA5 21502,22183,869
8600000US21520,21520,ZCTA5 21520,23606,4147
8600000US21521,21521,ZCTA5 21521,21826,2964
8600000US21522,21522,ZCTA5 21522,35827,13316
8600000US21523,21523,ZCTA5 21523,19478,4905
8600000US21524,21524,ZCTA5 21524,23660,5908
8600000US21529,21529,ZCTA5 21529,25192,4311
8600000US21530,21530,ZCTA5 21530,24062,5301
8600000US21531,21531,ZCTA5 21531,22348,2059
8600000US21532,21532,ZCTA5 21532,22620,1596
8600000US21536,21536,ZCTA5 21536,25489,3086
8600000US21538,21538,ZCTA5 21538,19941,2344
8600000US21539,21539,ZCTA5 21539,22672,2445
8600000US21540,21540,ZCTA5 21540,15836,3923
8600000US21541,21541,ZCTA5 21541,32002,10482
8600000US21542,21542,ZCTA5 21542,22594,3848
8600000US21543,21543,ZCTA5 21543,28066,8269
8600000US21545,21545,ZCTA5 21545,22351,2065
8600000US21550,21550,ZCTA5 21550,27025,2088
8600000US21555,21555,ZCTA5 21555,29816,6804
8600000US21557,21557,ZCTA5 21557,22616,2873
8600000US21561,21561,ZCTA5 21561,27849,2967
8600000US21562,21562,ZCTA5 21562,19459,1872
8600000US21601,21601,ZCTA5 21601,38444,2001
8600000US21607,21607,ZCTA5 21607,33455,9728
8600000US21610,21610,ZCTA5 21610,23483,5818
8600000US21612,21612,ZCTA5 21612,102043,81828
8600000US21613,21613,ZCTA5 21613,30764,3341
8600000US21617,21617,ZCTA5 21617,41333,2888
8600000US21619,21619,ZCTA5 21619,41746,3617
8600000US21620,21620,ZCTA5 21620,30954,2998
8600000US21622,21622,ZCTA5 21622,22652,4090
8600000US21623,21623,ZCTA5 21623,35105,9732
8600000US21624,21624,ZCTA5 21624,28209,16188
8600000US21625,21625,ZCTA5 21625,33354,3964
8600000US21626,21626,ZCTA5 21626,40873,14579
8600000US21627,21627,ZCTA5 21627,38643,23138
8600000US21628,21628,ZCTA5 21628,28537,15569
8600000US21629,21629,ZCTA5 21629,28271,1630
8600000US21631,21631,ZCTA5 21631,30502,5256
8600000US21632,21632,ZCTA5 21632,21127,2276
8600000US21634,21634,ZCTA5 21634,26257,10803
8600000US21635,21635,ZCTA5 21635,38084,5435
8600000US21636,21636,ZCTA5 21636,32207,5634
8600000US21638,21638,ZCTA5 21638,40567,4020
8600000US21639,21639,ZCTA5 21639,21813,2339
8600000US21640,21640,ZCTA5 21640,23117,3666
8600000US21641,21641,ZCTA5 21641,20081,8263
8600000US21643,21643,ZCTA5 21643,24112,2039
8600000US21644,21644,ZCTA5 21644,16878,4774
8600000US21645,21645,ZCTA5 21645,45000,15179
8600000US21647,21647,ZCTA5 21647,34593,9035
8600000US21648,21648,ZCTA5 21648,16863,4612
8600000US21649,21649,ZCTA5 21649,15663,3482
8600000US21650,21650,ZCTA5 21650,50385,29068
8600000US21651,21651,ZCTA5 21651,32353,4079
8600000US21652,21652,ZCTA5 21652,162907,161069
8600000US21653,21653,ZCTA5 21653,57007,19643
8600000US21654,21654,ZCTA5 21654,76047,21663
8600000US21655,21655,ZCTA5 21655,30271,2779
8600000US21657,21657,ZCTA5 21657,34051,6871
8600000US21658,21658,ZCTA5 21658,52903,9564
8600000US21659,21659,ZCTA5 21659,33165,8076
8600000US21660,21660,ZCTA5 21660,26126,2817
8600000US21661,21661,ZCTA5 21661,30053,3808
8600000US21662,21662,ZCTA5 21662,57138,13629
8600000US21663,21663,ZCTA5 21663,55637,7635
8600000US21664,21664,ZCTA5 21664,25073,9183
8600000US21665,21665,ZCTA5 21665,99828,84696
8600000US21666,21666,ZCTA5 21666,43514,2862
8600000US21667,21667,ZCTA5 21667,48092,19235
8600000US21668,21668,ZCTA5 21668,28121,3794
8600000US21669,21669,ZCTA5 21669,29585,9503
8600000US21671,21671,ZCTA5 21671,35789,5674
8600000US21672,21672,ZCTA5 21672,26298,4884
8600000US21673,21673,ZCTA5 21673,66817,19908
8600000US21675,21675,ZCTA5 21675,18590,10972
8600000US21676,21676,ZCTA5 21676,36999,12975
8600000US21677,21677,ZCTA5 21677,37213,9807
8600000US21678,21678,ZCTA5 21678,29478,6520
8600000US21679,21679,ZCTA5 21679,52468,14425
8600000US21701,21701,ZCTA5 21701,40536,1550
8600000US21702,21702,ZCTA5 21702,36577,1557
8600000US21703,21703,ZCTA5 21703,33374,1497
8600000US21704,21704,ZCTA5 21704,44810,2692
8600000US21705,21705,ZCTA5 21705,-,**
8600000US21710,21710,ZCTA5 21710,44535,2809
8600000US21711,21711,ZCTA5 21711,25133,6011
8600000US21713,21713,ZCTA5 21713,35189,3932
8600000US21714,21714,ZCTA5 21714,28520,13527
8600000US21716,21716,ZCTA5 21716,33671,3808
8600000US21717,21717,ZCTA5 21717,44829,39060
8600000US21718,21718,ZCTA5 21718,42236,7941
8600000US21719,21719,ZCTA5 21719,24012,3674
8600000US21722,21722,ZCTA5 21722,27211,2749
8600000US21723,21723,ZCTA5 21723,52067,13928
8600000US21727,21727,ZCTA5 21727,24492,4333
8600000US21733,21733,ZCTA5 21733,51285,7545
8600000US21734,21734,ZCTA5 21734,24875,5451
8600000US21737,21737,ZCTA5 21737,77548,13141
8600000US21738,21738,ZCTA5 21738,62996,7101
8600000US21740,21740,ZCTA5 21740,23510,802
8600000US21742,21742,ZCTA5 21742,36155,2302
8600000US21746,21746,ZCTA5 21746,2425,873
8600000US21750,21750,ZCTA5 21750,25216,2333
8600000US21754,21754,ZCTA5 21754,54767,7315
8600000US21755,21755,ZCTA5 21755,47025,4416
8600000US21756,21756,ZCTA5 21756,31738,3617
8600000US21757,21757,ZCTA5 21757,33233,3634
8600000US21758,21758,ZCTA5 21758,34387,3379
8600000US21762,21762,ZCTA5 21762,44925,7451
8600000US21766,21766,ZCTA5 21766,23697,5373
8600000US21767,21767,ZCTA5 21767,26299,9160
8600000US21769,21769,ZCTA5 21769,51635,4338
8600000US21770,21770,ZCTA5 21770,47358,3796
8600000US21771,21771,ZCTA5 21771,44484,1577
8600000US21773,21773,ZCTA5 21773,40155,2339
8600000US21774,21774,ZCTA5 21774,44816,2270
8600000US21776,21776,ZCTA5 21776,35607,3223
8600000US21777,21777,ZCTA5 21777,43721,5377
8600000US21778,21778,ZCTA5 21778,42722,13358
8600000US21779,21779,ZCTA5 21779,35401,10824
8600000US21780,21780,ZCTA5 21780,26057,4718
8600000US21781,21781,ZCTA5 21781,9780,5770
8600000US21782,21782,ZCTA5 21782,35184,4792
8600000US21783,21783,ZCTA5 21783,32551,1951
8600000US21784,21784,ZCTA5 21784,44209,1709
8600000US21787,21787,ZCTA5 21787,32780,3523
8600000US21788,21788,ZCTA5 21788,33432,2239
8600000US21790,21790,ZCTA5 21790,62438,50787
8600000US21791,21791,ZCTA5 21791,37287,3967
8600000US21793,21793,ZCTA5 21793,35793,2773
8600000US21794,21794,ZCTA5 21794,72770,9023
8600000US21795,21795,ZCTA5 21795,31405,2434
8600000US21797,21797,ZCTA5 21797,54785,6053
8600000US21798,21798,ZCTA5 21798,45739,6170
8600000US21801,21801,ZCTA5 21801,30238,2781
8600000US21802,21802,ZCTA5 21802,11454,7873
8600000US21804,21804,ZCTA5 21804,25836,1635
8600000US21810,21810,ZCTA5 21810,38692,9278
8600000US21811,21811,ZCTA5 21811,37333,2058
8600000US21813,21813,ZCTA5 21813,37158,9299
8600000US21814,21814,ZCTA5 21814,19653,9810
8600000US21817,21817,ZCTA5 21817,20600,1986
8600000US21821,21821,ZCTA5 21821,27355,7127
8600000US21822,21822,ZCTA5 21822,33486,6461
8600000US21824,21824,ZCTA5 21824,23647,4719
8600000US21826,21826,ZCTA5 21826,24731,3543
8600000US21829,21829,ZCTA5 21829,32951,10754
8600000US21830,21830,ZCTA5 21830,28991,3608
8600000US21835,21835,ZCTA5 21835,30845,7360
8600000US21837,21837,ZCTA5 21837,24363,2780
8600000US21838,21838,ZCTA5 21838,29695,7735
8600000US21840,21840,ZCTA5 21840,35513,16634
8600000US21841,21841,ZCTA5 21841,26334,6701
8600000US21842,21842,ZCTA5 21842,40606,3173
8600000US21849,21849,ZCTA5 21849,27556,4240
8600000US21850,21850,ZCTA5 21850,25616,2582
8600000US21851,21851,ZCTA5 21851,23998,2292
8600000US21853,21853,ZCTA5 21853,17155,2001
8600000US21856,21856,ZCTA5 21856,22668,4846
8600000US21861,21861,ZCTA5 21861,31438,10038
8600000US21862,21862,ZCTA5 21862,15722,1064
8600000US21863,21863,ZCTA5 21863,26899,3924
8600000US21864,21864,ZCTA5 21864,20589,5489
8600000US21865,21865,ZCTA5 21865,38649,12011
8600000US21866,21866,ZCTA5 21866,21849,15898
8600000US21869,21869,ZCTA5 21869,28222,4539
8600000US21871,21871,ZCTA5 21871,25468,4575
8600000US21872,21872,ZCTA5 21872,28931,8242
8600000US21874,21874,ZCTA5 21874,23873,3078
8600000US21875,21875,ZCTA5 21875,28845,3090
8600000US21890,21890,ZCTA5 21890,1308,523
8600000US21901,21901,ZCTA5 21901,33048,2478
8600000US21902,21902,ZCTA5 21902,14443,6543
8600000US21903,21903,ZCTA5 21903,33816,4425
8600000US21904,21904,ZCTA5 21904,31074,3012
8600000US21911,21911,ZCTA5 21911,30331,1750
8600000US21912,21912,ZCTA5 21912,28784,9454
8600000US21913,21913,ZCTA5 21913,23630,5436
8600000US21914,21914,ZCTA5 21914,38184,11860
8600000US21915,21915,ZCTA5 21915,42807,8327
8600000US21916,21916,ZCTA5 21916,6679,6456
8600000US21917,21917,ZCTA5 21917,34078,3566
8600000US21918,21918,ZCTA5 21918,34171,4777
8600000US21919,21919,ZCTA5 21919,51648,11281
8600000US21920,21920,ZCTA5 21920,20186,13302
8600000US21921,21921,ZCTA5 21921,31198,1375
8600000US21930,21930,ZCTA5 21930,34732,19728
8600000US22003,22003,ZCTA5 22003,40869,1328
8600000US22015,22015,ZCTA5 22015,47001,1531
8600000US22025,22025,ZCTA5 22025,48492,2696
8600000US22026,22026,ZCTA5 22026,31600,2363
8600000US22027,22027,ZCTA5 22027,62013,10946
8600000US22030,22030,ZCTA5 22030,46182,1593
8600000US22031,22031,ZCTA5 22031,51232,2447
8600000US22032,22032,ZCTA5 22032,50116,2055
8600000US22033,22033,ZCTA5 22033,52356,2362
8600000US22035,22035,ZCTA5 22035,-,**
8600000US22039,22039,ZCTA5 22039,77573,4591
8600000US22041,22041,ZCTA5 22041,36343,2488
8600000US22042,22042,ZCTA5 22042,46190,2075
8600000US22043,22043,ZCTA5 22043,53940,3574
8600000US22044,22044,ZCTA5 22044,48193,4910
8600000US22046,22046,ZCTA5 22046,62646,3353
8600000US22060,22060,ZCTA5 22060,29790,2738
8600000US22066,22066,ZCTA5 22066,98169,7283
8600000US22079,22079,ZCTA5 22079,44815,2290
8600000US22101,22101,ZCTA5 22101,99658,5770
8600000US22102,22102,ZCTA5 22102,82166,5779
8600000US22124,22124,ZCTA5 22124,79657,5879
8600000US22125,22125,ZCTA5 22125,64351,7932
8600000US22134,22134,ZCTA5 22134,24163,1677
8600000US22150,22150,ZCTA5 22150,38767,2228
8600000US22151,22151,ZCTA5 22151,41605,2910
8600000US22152,22152,ZCTA5 22152,48907,2133
8600000US22153,22153,ZCTA5 22153,50938,1567
8600000US22172,22172,ZCTA5 22172,34413,3085
8600000US22180,22180,ZCTA5 22180,64419,3949
8600000US22181,22181,ZCTA5 22181,67865,5194
8600000US22182,22182,ZCTA5 22182,73455,4359
8600000US22185,22185,ZCTA5 22185,-,**
8600000US22191,22191,ZCTA5 22191,33966,1315
8600000US22192,22192,ZCTA5 22192,40688,1476
8600000US22193,22193,ZCTA5 22193,32825,977
8600000US22201,22201,ZCTA5 22201,80446,3042
8600000US22202,22202,ZCTA5 22202,74032,2880
8600000US22203,22203,ZCTA5 22203,62282,2830
8600000US22204,22204,ZCTA5 22204,42153,1479
8600000US22205,22205,ZCTA5 22205,71860,4408
8600000US22206,22206,ZCTA5 22206,64341,4038
8600000US22207,22207,ZCTA5 22207,83827,4169
8600000US22209,22209,ZCTA5 22209,86448,7107
8600000US22211,22211,ZCTA5 22211,20792,5324
8600000US22213,22213,ZCTA5 22213,85118,9497
8600000US22214,22214,ZCTA5 22214,-,**
8600000US22301,22301,ZCTA5 22301,73575,3934
8600000US22302,22302,ZCTA5 22302,65046,3328
8600000US22303,22303,ZCTA5 22303,54665,3054
8600000US22304,22304,ZCTA5 22304,47468,2232
8600000US22305,22305,ZCTA5 22305,45388,2984
8600000US22306,22306,ZCTA5 22306,33671,2045
8600000US22307,22307,ZCTA5 22307,71325,5829
8600000US22308,22308,ZCTA5 22308,67236,3620
8600000US22309,22309,ZCTA5 22309,35679,1943
8600000US22310,22310,ZCTA5 22310,52187,2588
8600000US22311,22311,ZCTA5 22311,36677,2244
8600000US22312,22312,ZCTA5 22312,38157,1754
8600000US22314,22314,ZCTA5 22314,82898,3582
8600000US22315,22315,ZCTA5 22315,53905,2389
8600000US22401,22401,ZCTA5 22401,32359,1647
8600000US22405,22405,ZCTA5 22405,36104,1947
8600000US22406,22406,ZCTA5 22406,38148,1940
8600000US22407,22407,ZCTA5 22407,32917,943
8600000US22408,22408,ZCTA5 22408,34960,1426
8600000US22427,22427,ZCTA5 22427,26321,4259
8600000US22432,22432,ZCTA5 22432,20842,18196
8600000US22433,22433,ZCTA5 22433,24057,6697
8600000US22435,22435,ZCTA5 22435,24512,4037
8600000US22436,22436,ZCTA5 22436,38374,10881
8600000US22437,22437,ZCTA5 22437,20362,5327
8600000US22438,22438,ZCTA5 22438,56211,81700
8600000US22443,22443,ZCTA5 22443,30291,2988
8600000US22448,22448,ZCTA5 22448,24415,5602
8600000US22454,22454,ZCTA5 22454,26024,4842
8600000US22460,22460,ZCTA5 22460,26063,4146
8600000US22469,22469,ZCTA5 22469,20653,5492
8600000US22473,22473,ZCTA5 22473,31392,4039
8600000US22476,22476,ZCTA5 22476,26136,8569
8600000US22480,22480,ZCTA5 22480,48173,7029
8600000US22482,22482,ZCTA5 22482,34994,6251
8600000US22485,22485,ZCTA5 22485,35951,1630
8600000US22488,22488,ZCTA5 22488,30797,14455
8600000US22503,22503,ZCTA5 22503,33514,4849
8600000US22504,22504,ZCTA5 22504,29754,11501
8600000US22508,22508,ZCTA5 22508,35808,2573
8600000US22511,22511,ZCTA5 22511,37684,9954
8600000US22514,22514,ZCTA5 22514,32184,4818
8600000US22520,22520,ZCTA5 22520,35429,4275
8600000US22529,22529,ZCTA5 22529,25078,11543
8600000US22534,22534,ZCTA5 22534,23366,3286
8600000US22535,22535,ZCTA5 22535,27685,8726
8600000US22538,22538,ZCTA5 22538,36421,17855
8600000US22539,22539,ZCTA5 22539,39700,5845
8600000US22542,22542,ZCTA5 22542,29098,4899
8600000US22546,22546,ZCTA5 22546,28638,1889
8600000US22548,22548,ZCTA5 22548,11228,17851
8600000US22551,22551,ZCTA5 22551,34540,1931
8600000US22553,22553,ZCTA5 22553,36167,2243
8600000US22554,22554,ZCTA5 22554,41210,1513
8600000US22556,22556,ZCTA5 22556,40133,1923
8600000US22560,22560,ZCTA5 22560,24027,2129
8600000US22567,22567,ZCTA5 22567,23562,3809
8600000US22572,22572,ZCTA5 22572,21818,4640
8600000US22576,22576,ZCTA5 22576,26997,5123
8600000US22578,22578,ZCTA5 22578,41130,5474
8600000US22580,22580,ZCTA5 22580,26564,4228
8600000US22601,22601,ZCTA5 22601,28486,1332
8600000US22602,22602,ZCTA5 22602,33867,1520
8600000US22603,22603,ZCTA5 22603,33198,3000
8600000US22610,22610,ZCTA5 22610,27998,3367
8600000US22611,22611,ZCTA5 22611,35603,3821
8600000US22620,22620,ZCTA5 22620,42074,5544
8600000US22623,22623,ZCTA5 22623,40820,15700
8600000US22624,22624,ZCTA5 22624,31579,3924
8600000US22625,22625,ZCTA5 22625,36533,5044
8600000US22627,22627,ZCTA5 22627,33400,13192
8600000US22630,22630,ZCTA5 22630,28748,1173
8600000US22637,22637,ZCTA5 22637,27988,3604
8600000US22639,22639,ZCTA5 22639,52692,15720
8600000US22640,22640,ZCTA5 22640,46249,17607
8600000US22641,22641,ZCTA5 22641,23104,5020
8600000US22642,22642,ZCTA5 22642,35671,4963
8600000US22643,22643,ZCTA5 22643,26621,10086
8600000US22644,22644,ZCTA5 22644,28961,3577
8600000US22645,22645,ZCTA5 22645,34923,2652
8600000US22646,22646,ZCTA5 22646,112153,68965
8600000US22650,22650,ZCTA5 22650,30828,8978
8600000US22652,22652,ZCTA5 22652,33084,5487
8600000US22654,22654,ZCTA5 22654,34986,9838
8600000US22655,22655,ZCTA5 22655,30977,1723
8600000US22656,22656,ZCTA5 22656,29117,3865
8600000US22657,22657,ZCTA5 22657,28797,2100
8600000US22660,22660,ZCTA5 22660,24252,3781
8600000US22663,22663,ZCTA5 22663,40098,9101
8600000US22664,22664,ZCTA5 22664,26455,4190
8600000US22701,22701,ZCTA5 22701,29078,2367
8600000US22709,22709,ZCTA5 22709,27036,6538
8600000US22711,22711,ZCTA5 22711,53518,2482
8600000US22712,22712,ZCTA5 22712,32190,2788
8600000US22713,22713,ZCTA5 22713,30042,11211
8600000US22714,22714,ZCTA5 22714,50242,27928
8600000US22715,22715,ZCTA5 22715,31316,10442
8600000US22716,22716,ZCTA5 22716,32225,5594
8600000US22718,22718,ZCTA5 22718,31464,8120
8600000US22719,22719,ZCTA5 22719,17463,7373
8600000US22720,22720,ZCTA5 22720,37608,9363
8600000US22722,22722,ZCTA5 22722,30073,16419
8600000US22723,22723,ZCTA5 22723,36046,14599
8600000US22724,22724,ZCTA5 22724,44372,5636
8600000US22726,22726,ZCTA5 22726,25326,5401
8600000US22727,22727,ZCTA5 22727,31034,5796
8600000US22728,22728,ZCTA5 22728,43912,4817
8600000US22729,22729,ZCTA5 22729,5976,2129
8600000US22730,22730,ZCTA5 22730,16401,8563
8600000US22731,22731,ZCTA5 22731,15602,5818
8600000US22732,22732,ZCTA5 22732,23670,15911
8600000US22733,22733,ZCTA5 22733,25838,6661
8600000US22734,22734,ZCTA5 22734,26366,3338
8600000US22735,22735,ZCTA5 22735,32109,7733
8600000US22736,22736,ZCTA5 22736,27640,6288
8600000US22737,22737,ZCTA5 22737,24831,3652
8600000US22738,22738,ZCTA5 22738,24911,8135
8600000US22740,22740,ZCTA5 22740,26904,4470
8600000US22741,22741,ZCTA5 22741,14716,6948
8600000US22742,22742,ZCTA5 22742,40238,7099
8600000US22743,22743,ZCTA5 22743,92262,34624
8600000US22747,22747,ZCTA5 22747,51662,11353
8600000US22749,22749,ZCTA5 22749,36548,21522
8600000US22801,22801,ZCTA5 22801,23639,1637
8600000US22802,22802,ZCTA5 22802,25577,1528
8600000US22807,22807,ZCTA5 22807,2424,428
8600000US22810,22810,ZCTA5 22810,39491,9959
8600000US22811,22811,ZCTA5 22811,26697,8406
8600000US22812,22812,ZCTA5 22812,31086,5604
8600000US22815,22815,ZCTA5 22815,26292,2322
8600000US22820,22820,ZCTA5 22820,20403,8999
8600000US22821,22821,ZCTA5 22821,29351,4103
8600000US22824,22824,ZCTA5 22824,24787,1369
8600000US22827,22827,ZCTA5 22827,25800,1967
8600000US22830,22830,ZCTA5 22830,20718,3360
8600000US22831,22831,ZCTA5 22831,27342,5120
8600000US22832,22832,ZCTA5 22832,36302,9098
8600000US22834,22834,ZCTA5 22834,34483,8346
8600000US22835,22835,ZCTA5 22835,24305,2094
8600000US22840,22840,ZCTA5 22840,31797,2381
8600000US22841,22841,ZCTA5 22841,33916,5853
8600000US22842,22842,ZCTA5 22842,24835,2238
8600000US22843,22843,ZCTA5 22843,33559,6113
8600000US22844,22844,ZCTA5 22844,29054,3265
8600000US22846,22846,ZCTA5 22846,31205,4619
8600000US22847,22847,ZCTA5 22847,27180,5265
8600000US22849,22849,ZCTA5 22849,26365,6938
8600000US22850,22850,ZCTA5 22850,27838,6827
8600000US22851,22851,ZCTA5 22851,21539,2044
8600000US22853,22853,ZCTA5 22853,22990,1822
8600000US22901,22901,ZCTA5 22901,43181,2346
8600000US22902,22902,ZCTA5 22902,36512,2121
8600000US22903,22903,ZCTA5 22903,34081,1861
8600000US22904,22904,ZCTA5 22904,2818,642
8600000US22911,22911,ZCTA5 22911,42371,2720
8600000US22920,22920,ZCTA5 22920,35613,5300
8600000US22922,22922,ZCTA5 22922,23220,5024
8600000US22923,22923,ZCTA5 22923,33088,4044
8600000US22931,22931,ZCTA5 22931,39923,10182
8600000US22932,22932,ZCTA5 22932,38418,3331
8600000US22935,22935,ZCTA5 22935,33226,12160
8600000US22936,22936,ZCTA5 22936,52005,5528
8600000US22937,22937,ZCTA5 22937,21629,3906
8600000US22938,22938,ZCTA5 22938,33852,5759
8600000US22939,22939,ZCTA5 22939,32339,3835
8600000US22940,22940,ZCTA5 22940,25468,8370
8600000US22942,22942,ZCTA5 22942,28318,1864
8600000US22943,22943,ZCTA5 22943,33284,8757
8600000US22946,22946,ZCTA5 22946,42159,22755
8600000US22947,22947,ZCTA5 22947,50722,7068
8600000US22948,22948,ZCTA5 22948,26248,6031
8600000US22949,22949,ZCTA5 22949,47111,41259
8600000US22952,22952,ZCTA5 22952,28543,5797
8600000US22958,22958,ZCTA5 22958,61673,17958
8600000US22959,22959,ZCTA5 22959,36996,8210
8600000US22960,22960,ZCTA5 22960,28253,3359
8600000US22963,22963,ZCTA5 22963,34727,2304
8600000US22964,22964,ZCTA5 22964,19540,8742
8600000US22967,22967,ZCTA5 22967,28741,6342
8600000US22968,22968,ZCTA5 22968,31788,3052
8600000US22969,22969,ZCTA5 22969,25103,4702
8600000US22971,22971,ZCTA5 22971,23289,4187
8600000US22972,22972,ZCTA5 22972,55319,29746
8600000US22973,22973,ZCTA5 22973,26721,5635
8600000US22974,22974,ZCTA5 22974,28305,4569
8600000US22976,22976,ZCTA5 22976,15848,3761
8600000US22980,22980,ZCTA5 22980,25682,1376
8600000US23002,23002,ZCTA5 23002,27235,2471
8600000US23004,23004,ZCTA5 23004,21658,3664
8600000US23005,23005,ZCTA5 23005,33766,2631
8600000US23009,23009,ZCTA5 23009,35320,4693
8600000US23011,23011,ZCTA5 23011,28761,6486
8600000US23015,23015,ZCTA5 23015,31588,3984
8600000US23021,23021,ZCTA5 23021,30542,13227
8600000US23022,23022,ZCTA5 23022,21114,7283
8600000US23023,23023,ZCTA5 23023,23357,6191
8600000US23024,23024,ZCTA5 23024,33435,7388
8600000US23025,23025,ZCTA5 23025,32838,15915
8600000US23027,23027,ZCTA5 23027,25206,9248
8600000US23030,23030,ZCTA5 23030,35042,5291
8600000US23032,23032,ZCTA5 23032,27028,12061
8600000US23035,23035,ZCTA5 23035,27990,4640
8600000US23038,23038,ZCTA5 23038,28274,7541
8600000US23039,23039,ZCTA5 23039,40117,11119
8600000US23040,23040,ZCTA5 23040,22001,2806
8600000US23043,23043,ZCTA5 23043,29430,5208
8600000US23045,23045,ZCTA5 23045,27828,14714
8600000US23047,23047,ZCTA5 23047,36265,7413
8600000US23050,23050,ZCTA5 23050,30884,8628
8600000US23055,23055,ZCTA5 23055,32372,12952
8600000US23056,23056,ZCTA5 23056,39940,15860
8600000US23059,23059,ZCTA5 23059,50979,2625
8600000US23060,23060,ZCTA5 23060,39302,1623
8600000US23061,23061,ZCTA5 23061,32902,1972
8600000US23062,23062,ZCTA5 23062,32307,6577
8600000US23063,23063,ZCTA5 23063,31216,4443
8600000US23064,23064,ZCTA5 23064,33422,18634
8600000US23065,23065,ZCTA5 23065,30691,5330
8600000US23066,23066,ZCTA5 23066,35520,14673
8600000US23068,23068,ZCTA5 23068,77449,56602
8600000US23069,23069,ZCTA5 23069,31017,5640
8600000US23070,23070,ZCTA5 23070,44663,12902
8600000US23071,23071,ZCTA5 23071,48182,10755
8600000US23072,23072,ZCTA5 23072,31135,2523
8600000US23075,23075,ZCTA5 23075,21638,2027
8600000US23076,23076,ZCTA5 23076,34485,19131
8600000US23079,23079,ZCTA5 23079,32085,16659
8600000US23083,23083,ZCTA5 23083,21442,4145
8600000US23084,23084,ZCTA5 23084,28453,5919
8600000US23085,23085,ZCTA5 23085,24698,6755
8600000US23086,23086,ZCTA5 23086,28639,4061
8600000US23089,23089,ZCTA5 23089,31638,4442
8600000US23091,23091,ZCTA5 23091,30440,13322
8600000US23092,23092,ZCTA5 23092,21909,5890
8600000US23093,23093,ZCTA5 23093,28413,2519
8600000US23102,23102,ZCTA5 23102,35422,5561
8600000US23103,23103,ZCTA5 23103,69245,10232
8600000US23106,23106,ZCTA5 23106,17105,5228
8600000US23108,23108,ZCTA5 23108,34192,22861
8600000US23109,23109,ZCTA5 23109,32692,9108
8600000US23110,23110,ZCTA5 23110,25796,7576
8600000US23111,23111,ZCTA5 23111,35027,1320
8600000US23112,23112,ZCTA5 23112,38198,1313
8600000US23113,23113,ZCTA5 23113,57212,3578
8600000US23114,23114,ZCTA5 23114,42815,2789
8600000US23115,23115,ZCTA5 23115,21812,4264
8600000US23116,23116,ZCTA5 23116,40766,1476
8600000US23117,23117,ZCTA5 23117,37205,3300
8600000US23119,23119,ZCTA5 23119,56996,29835
8600000US23120,23120,ZCTA5 23120,48088,5199
8600000US23123,23123,ZCTA5 23123,25334,9023
8600000US23124,23124,ZCTA5 23124,33197,4104
8600000US23125,23125,ZCTA5 23125,39667,11779
8600000US23126,23126,ZCTA5 23126,21020,14102
8600000US23128,23128,ZCTA5 23128,42787,13941
8600000US23129,23129,ZCTA5 23129,52233,18525
8600000US23130,23130,ZCTA5 23130,25752,9464
8600000US23138,23138,ZCTA5 23138,21713,15892
8600000US23139,23139,ZCTA5 23139,35125,1628
8600000US23140,23140,ZCTA5 23140,35282,3582
8600000US23141,23141,ZCTA5 23141,42970,6589
8600000US23146,23146,ZCTA5 23146,43096,5552
8600000US23148,23148,ZCTA5 23148,23919,4656
8600000US23149,23149,ZCTA5 23149,24091,3285
8600000US23150,23150,ZCTA5 23150,29308,2416
8600000US23153,23153,ZCTA5 23153,38712,5995
8600000US23156,23156,ZCTA5 23156,22299,3917
8600000US23160,23160,ZCTA5 23160,3262,711
8600000US23161,23161,ZCTA5 23161,40551,19306
8600000US23163,23163,ZCTA5 23163,48762,27864
8600000US23168,23168,ZCTA5 23168,32444,2769
8600000US23169,23169,ZCTA5 23169,17968,3359
8600000US23173,23173,ZCTA5 23173,3098,556
8600000US23175,23175,ZCTA5 23175,30822,4097
8600000US23176,23176,ZCTA5 23176,28334,18339
8600000US23177,23177,ZCTA5 23177,48094,7759
8600000US23180,23180,ZCTA5 23180,38160,14366
8600000US23181,23181,ZCTA5 23181,31466,2610
8600000US23185,23185,ZCTA5 23185,40583,2327
8600000US23187,23187,ZCTA5 23187,3439,1174
8600000US23188,23188,ZCTA5 23188,38984,1647
8600000US23192,23192,ZCTA5 23192,47238,6528
8600000US23219,23219,ZCTA5 23219,30822,6823
8600000US23220,23220,ZCTA5 23220,29860,2060
8600000US23221,23221,ZCTA5 23221,55356,2792
8600000US23222,23222,ZCTA5 23222,21097,1202
8600000US23223,23223,ZCTA5 23223,24850,2228
8600000US23224,23224,ZCTA5 23224,17522,1029
8600000US23225,23225,ZCTA5 23225,28638,1115
8600000US23226,23226,ZCTA5 23226,61410,4003
8600000US23227,23227,ZCTA5 23227,35237,3755
8600000US23228,23228,ZCTA5 23228,26851,1004
8600000US23229,23229,ZCTA5 23229,44353,2673
8600000US23230,23230,ZCTA5 23230,35054,2690
8600000US23231,23231,ZCTA5 23231,27560,1685
8600000US23233,23233,ZCTA5 23233,50678,2493
8600000US23234,23234,ZCTA5 23234,23345,1615
8600000US23235,23235,ZCTA5 23235,37789,1827
8600000US23236,23236,ZCTA5 23236,35689,2640
8600000US23237,23237,ZCTA5 23237,25154,1041
8600000US23238,23238,ZCTA5 23238,46132,3348
8600000US23250,23250,ZCTA5 23250,-,**
8600000US23294,23294,ZCTA5 23294,28965,1997
8600000US23301,23301,ZCTA5 23301,20369,5921
8600000US23302,23302,ZCTA5 23302,14091,18370
8600000US23303,23303,ZCTA5 23303,29835,7000
8600000US23306,23306,ZCTA5 23306,31286,5466
8600000US23307,23307,ZCTA5 23307,17194,5469
8600000US23308,23308,ZCTA5 23308,22495,4344
8600000US23310,23310,ZCTA5 23310,25304,2324
8600000US23313,23313,ZCTA5 23313,27216,6574
8600000US23314,23314,ZCTA5 23314,35697,2939
8600000US23315,23315,ZCTA5 23315,29173,5085
8600000US23316,23316,ZCTA5 23316,13387,8772
8600000US23320,23320,ZCTA5 23320,35551,1472
8600000US23321,23321,ZCTA5 23321,31370,1866
8600000US23322,23322,ZCTA5 23322,36579,1247
8600000US23323,23323,ZCTA5 23323,30145,1601
8600000US23324,23324,ZCTA5 23324,20112,1544
8600000US23325,23325,ZCTA5 23325,27313,1745
8600000US23336,23336,ZCTA5 23336,32114,4053
8600000US23337,23337,ZCTA5 23337,15773,9094
8600000US23347,23347,ZCTA5 23347,22052,6821
8600000US23350,23350,ZCTA5 23350,21529,2341
8600000US23354,23354,ZCTA5 23354,43455,12877
8600000US23356,23356,ZCTA5 23356,39641,17294
8600000US23357,23357,ZCTA5 23357,21272,6797
8600000US23358,23358,ZCTA5 23358,26952,1800
8600000US23359,23359,ZCTA5 23359,19368,7191
8600000US23389,23389,ZCTA5 23389,28155,15407
8600000US23395,23395,ZCTA5 23395,11652,3642
8600000US23398,23398,ZCTA5 23398,90700,50084
8600000US23401,23401,ZCTA5 23401,9553,6289
8600000US23405,23405,ZCTA5 23405,35489,9681
8600000US23407,23407,ZCTA5 23407,25024,20536
8600000US23409,23409,ZCTA5 23409,23112,23092
8600000US23410,23410,ZCTA5 23410,24692,3203
8600000US23413,23413,ZCTA5 23413,26004,8263
8600000US23414,23414,ZCTA5 23414,23070,7789
8600000US23415,23415,ZCTA5 23415,18867,3739
8600000US23416,23416,ZCTA5 23416,19600,5602
8600000US23417,23417,ZCTA5 23417,33208,5040
8600000US23418,23418,ZCTA5 23418,23087,6028
8600000US23420,23420,ZCTA5 23420,19804,8585
8600000US23421,23421,ZCTA5 23421,19981,4976
8600000US23422,23422,ZCTA5 23422,26803,10022
8600000US23423,23423,ZCTA5 23423,31042,11428
8600000US23426,23426,ZCTA5 23426,22679,13833
8600000US23427,23427,ZCTA5 23427,26639,6558
8600000US23430,23430,ZCTA5 23430,35478,2403
8600000US23432,23432,ZCTA5 23432,34667,6213
8600000US23433,23433,ZCTA5 23433,51140,8156
8600000US23434,23434,ZCTA5 23434,26303,962
8600000US23435,23435,ZCTA5 23435,38661,2107
8600000US23436,23436,ZCTA5 23436,53614,11639
8600000US23437,23437,ZCTA5 23437,27499,2933
8600000US23438,23438,ZCTA5 23438,29130,6474
8600000US23440,23440,ZCTA5 23440,22473,6055
8600000US23441,23441,ZCTA5 23441,14239,7643
8600000US23442,23442,ZCTA5 23442,21550,5386
8600000US23451,23451,ZCTA5 23451,46647,2554
8600000US23452,23452,ZCTA5 23452,32568,910
8600000US23453,23453,ZCTA5 23453,26697,1187
8600000US23454,23454,ZCTA5 23454,37876,1888
8600000US23455,23455,ZCTA5 23455,38131,1725
8600000US23456,23456,ZCTA5 23456,37344,1308
8600000US23457,23457,ZCTA5 23457,38858,4429
8600000US23459,23459,ZCTA5 23459,16707,2009
8600000US23460,23460,ZCTA5 23460,20238,1423
8600000US23461,23461,ZCTA5 23461,27786,8452
8600000US23462,23462,ZCTA5 23462,28507,824
8600000US23464,23464,ZCTA5 23464,31793,1052
8600000US23480,23480,ZCTA5 23480,21188,5144
8600000US23486,23486,ZCTA5 23486,28067,10017
8600000US23487,23487,ZCTA5 23487,26526,2346
8600000US23488,23488,ZCTA5 23488,15223,7536
8600000US23502,23502,ZCTA5 23502,26461,1628
8600000US23503,23503,ZCTA5 23503,28713,1805
8600000US23504,23504,ZCTA5 23504,16984,1143
8600000US23505,23505,ZCTA5 23505,28627,2115
8600000US23507,23507,ZCTA5 23507,47273,4404
8600000US23508,23508,ZCTA5 23508,23142,1699
8600000US23509,23509,ZCTA5 23509,27766,1937
8600000US23510,23510,ZCTA5 23510,35550,4341
8600000US23511,23511,ZCTA5 23511,26453,1558
8600000US23513,23513,ZCTA5 23513,23877,2495
8600000US23517,23517,ZCTA5 23517,39089,5704
8600000US23518,23518,ZCTA5 23518,29733,1571
8600000US23523,23523,ZCTA5 23523,13020,1619
8600000US23551,23551,ZCTA5 23551,20703,1719
8600000US23601,23601,ZCTA5 23601,27275,1813
8600000US23602,23602,ZCTA5 23602,30410,1201
8600000US23603,23603,ZCTA5 23603,25243,4007
8600000US23604,23604,ZCTA5 23604,18293,1945
8600000US23605,23605,ZCTA5 23605,23494,2038
8600000US23606,23606,ZCTA5 23606,30372,1557
8600000US23607,23607,ZCTA5 23607,18452,1334
8600000US23608,23608,ZCTA5 23608,24356,1044
8600000US23651,23651,ZCTA5 23651,46477,8888
8600000US23661,23661,ZCTA5 23661,25769,2686
8600000US23662,23662,ZCTA5 23662,39294,2618
8600000US23663,23663,ZCTA5 23663,21436,1600
8600000US23664,23664,ZCTA5 23664,34115,3238
8600000US23665,23665,ZCTA5 23665,19781,1689
8600000US23666,23666,ZCTA5 23666,27794,1101
8600000US23669,23669,ZCTA5 23669,26339,1382
8600000US23690,23690,ZCTA5 23690,28049,2777
8600000US23691,23691,ZCTA5 23691,13860,3948
8600000US23692,23692,ZCTA5 23692,38117,2211
8600000US23693,23693,ZCTA5 23693,44013,2414
8600000US23696,23696,ZCTA5 23696,47643,9904
8600000US23701,23701,ZCTA5 23701,23992,1176
8600000US23702,23702,ZCTA5 23702,17844,1393
8600000US23703,23703,ZCTA5 23703,30813,1536
8600000US23704,23704,ZCTA5 23704,21272,1323
8600000US23707,23707,ZCTA5 23707,22217,1199
8600000US23708,23708,ZCTA5 23708,21997,4822
8600000US23709,23709,ZCTA5 23709,26445,7362
8600000US23801,23801,ZCTA5 23801,20359,1740
8600000US23803,23803,ZCTA5 23803,21816,1180
8600000US23805,23805,ZCTA5 23805,28404,2261
8600000US23806,23806,ZCTA5 23806,2952,827
8600000US23821,23821,ZCTA5 23821,21565,6260
8600000US23824,23824,ZCTA5 23824,20657,3356
8600000US23827,23827,ZCTA5 23827,22326,3199
8600000US23828,23828,ZCTA5 23828,28122,10449
8600000US23829,23829,ZCTA5 23829,18481,3990
8600000US23830,23830,ZCTA5 23830,32108,11408
8600000US23831,23831,ZCTA5 23831,31454,1339
8600000US23832,23832,ZCTA5 23832,32835,1793
8600000US23833,23833,ZCTA5 23833,27869,4434
8600000US23834,23834,ZCTA5 23834,28622,1369
8600000US23836,23836,ZCTA5 23836,35785,2483
8600000US23837,23837,ZCTA5 23837,27674,3785
8600000US23838,23838,ZCTA5 23838,44003,2299
8600000US23839,23839,ZCTA5 23839,25931,6073
8600000US23840,23840,ZCTA5 23840,21834,6401
8600000US23841,23841,ZCTA5 23841,34888,9674
8600000US23842,23842,ZCTA5 23842,31625,2487
8600000US23843,23843,ZCTA5 23843,20844,4743
8600000US23844,23844,ZCTA5 23844,22564,4122
8600000US23845,23845,ZCTA5 23845,25063,4679
8600000US23846,23846,ZCTA5 23846,23654,4401
8600000US23847,23847,ZCTA5 23847,16588,1023
8600000US23850,23850,ZCTA5 23850,25110,7108
8600000US23851,23851,ZCTA5 23851,25630,1816
8600000US23856,23856,ZCTA5 23856,26119,3876
8600000US23857,23857,ZCTA5 23857,25043,5321
8600000US23860,23860,ZCTA5 23860,22984,1661
8600000US23866,23866,ZCTA5 23866,27237,4644
8600000US23867,23867,ZCTA5 23867,22135,3828
8600000US23868,23868,ZCTA5 23868,14788,1582
8600000US23872,23872,ZCTA5 23872,27410,4441
8600000US23874,23874,ZCTA5 23874,29588,4711
8600000US23875,23875,ZCTA5 23875,28752,2200
8600000US23876,23876,ZCTA5 23876,35159,12349
8600000US23878,23878,ZCTA5 23878,26148,5048
8600000US23879,23879,ZCTA5 23879,23113,7064
8600000US23881,23881,ZCTA5 23881,27042,3891
8600000US23882,23882,ZCTA5 23882,24856,4314
8600000US23883,23883,ZCTA5 23883,30351,5482
8600000US23884,23884,ZCTA5 23884,35507,20104
8600000US23885,23885,ZCTA5 23885,26444,3981
8600000US23887,23887,ZCTA5 23887,32676,14776
8600000US23888,23888,ZCTA5 23888,21717,2373
8600000US23889,23889,ZCTA5 23889,27527,7125
8600000US23890,23890,ZCTA5 23890,23164,3214
8600000US23891,23891,ZCTA5 23891,4853,915
8600000US23893,23893,ZCTA5 23893,26404,8910
8600000US23894,23894,ZCTA5 23894,27411,6332
8600000US23897,23897,ZCTA5 23897,23526,10989
8600000US23898,23898,ZCTA5 23898,29658,3688
8600000US23899,23899,ZCTA5 23899,22128,4943
8600000US23901,23901,ZCTA5 23901,20635,2099
8600000US23909,23909,ZCTA5 23909,3820,805
8600000US23915,23915,ZCTA5 23915,11762,4620
8600000US23917,23917,ZCTA5 23917,25203,3716
8600000US23919,23919,ZCTA5 23919,25910,3807
8600000US23920,23920,ZCTA5 23920,25058,3849
8600000US23921,23921,ZCTA5 23921,19348,2545
8600000US23922,23922,ZCTA5 23922,13219,2271
8600000US23923,23923,ZCTA5 23923,21764,3831
8600000US23924,23924,ZCTA5 23924,20770,1943
8600000US23927,23927,ZCTA5 23927,31902,6046
8600000US23930,23930,ZCTA5 23930,23709,2745
8600000US23934,23934,ZCTA5 23934,22995,8615
8600000US23936,23936,ZCTA5 23936,16928,1488
8600000US23937,23937,ZCTA5 23937,14109,2426
8600000US23938,23938,ZCTA5 23938,26320,5449
8600000US23942,23942,ZCTA5 23942,25175,7822
8600000US23943,23943,ZCTA5 23943,44416,27879
8600000US23944,23944,ZCTA5 23944,20049,2442
8600000US23947,23947,ZCTA5 23947,18074,2638
8600000US23950,23950,ZCTA5 23950,21091,4395
8600000US23952,23952,ZCTA5 23952,17399,5062
8600000US23954,23954,ZCTA5 23954,18065,4311
8600000US23958,23958,ZCTA5 23958,20274,3953
8600000US23959,23959,ZCTA5 23959,19588,3415
8600000US23960,23960,ZCTA5 23960,23767,4640
8600000US23962,23962,ZCTA5 23962,25805,9582
8600000US23963,23963,ZCTA5 23963,73439,60388
8600000US23964,23964,ZCTA5 23964,21417,4456
8600000US23966,23966,ZCTA5 23966,24097,4546
8600000US23967,23967,ZCTA5 23967,25011,8924
8600000US23968,23968,ZCTA5 23968,21841,6325
8600000US23970,23970,ZCTA5 23970,20751,1907
8600000US23974,23974,ZCTA5 23974,17075,1535
8600000US23976,23976,ZCTA5 23976,20330,17443
8600000US24011,24011,ZCTA5 24011,82326,29133
8600000US24012,24012,ZCTA5 24012,22816,1515
8600000US24013,24013,ZCTA5 24013,16086,1411
8600000US24014,24014,ZCTA5 24014,33608,2429
8600000US24015,24015,ZCTA5 24015,30842,1943
8600000US24016,24016,ZCTA5 24016,22137,2284
8600000US24017,24017,ZCTA5 24017,19184,1522
8600000US24018,24018,ZCTA5 24018,39577,2249
8600000US24019,24019,ZCTA5 24019,31703,1286
8600000US24020,24020,ZCTA5 24020,8508,5753
8600000US24053,24053,ZCTA5 24053,22505,4938
8600000US24054,24054,ZCTA5 24054,19990,2357
8600000US24055,24055,ZCTA5 24055,19758,1452
8600000US24058,24058,ZCTA5 24058,24268,8851
8600000US24059,24059,ZCTA5 24059,36556,11386
8600000US24060,24060,ZCTA5 24060,25355,1427
8600000US24064,24064,ZCTA5 24064,32169,3026
8600000US24065,24065,ZCTA5 24065,32339,3717
8600000US24066,24066,ZCTA5 24066,28453,2368
8600000US24067,24067,ZCTA5 24067,24803,3158
8600000US24069,24069,ZCTA5 24069,24795,4654
8600000US24070,24070,ZCTA5 24070,25279,4276
8600000US24072,24072,ZCTA5 24072,33086,8081
8600000US24073,24073,ZCTA5 24073,33611,2563
8600000US24076,24076,ZCTA5 24076,17937,7138
8600000US24077,24077,ZCTA5 24077,19797,4687
8600000US24078,24078,ZCTA5 24078,20887,2073
8600000US24079,24079,ZCTA5 24079,24936,4922
8600000US24082,24082,ZCTA5 24082,20918,6707
8600000US24083,24083,ZCTA5 24083,39975,9380
8600000US24084,24084,ZCTA5 24084,26740,1845
8600000US24085,24085,ZCTA5 24085,22685,2794
8600000US24086,24086,ZCTA5 24086,21420,6210
8600000US24087,24087,ZCTA5 24087,28926,12628
8600000US24088,24088,ZCTA5 24088,18054,2104
8600000US24089,24089,ZCTA5 24089,31173,17670
8600000US24090,24090,ZCTA5 24090,45171,15971
8600000US24091,24091,ZCTA5 24091,28478,2629
8600000US24092,24092,ZCTA5 24092,28066,5225
8600000US24093,24093,ZCTA5 24093,24271,6312
8600000US24095,24095,ZCTA5 24095,34044,7709
8600000US24101,24101,ZCTA5 24101,30596,3206
8600000US24102,24102,ZCTA5 24102,19567,3058
8600000US24104,24104,ZCTA5 24104,29824,3640
8600000US24105,24105,ZCTA5 24105,13341,4793
8600000US24112,24112,ZCTA5 24112,22047,929
8600000US24120,24120,ZCTA5 24120,21905,4766
8600000US24121,24121,ZCTA5 24121,31281,2794
8600000US24122,24122,ZCTA5 24122,35015,8066
8600000US24124,24124,ZCTA5 24124,22193,2103
8600000US24127,24127,ZCTA5 24127,27178,3190
8600000US24128,24128,ZCTA5 24128,31813,3944
8600000US24132,24132,ZCTA5 24132,12572,5557
8600000US24133,24133,ZCTA5 24133,24470,4540
8600000US24134,24134,ZCTA5 24134,25515,2801
8600000US24136,24136,ZCTA5 24136,25797,3418
8600000US24137,24137,ZCTA5 24137,33675,7633
8600000US24138,24138,ZCTA5 24138,24517,5868
8600000US24139,24139,ZCTA5 24139,23542,7428
8600000US24141,24141,ZCTA5 24141,24973,2253
8600000US24142,24142,ZCTA5 24142,4974,1112
8600000US24147,24147,ZCTA5 24147,25529,6212
8600000US24148,24148,ZCTA5 24148,21332,1583
8600000US24149,24149,ZCTA5 24149,28828,3337
8600000US24150,24150,ZCTA5 24150,24507,3983
8600000US24151,24151,ZCTA5 24151,25153,1849
8600000US24153,24153,ZCTA5 24153,30698,1699
8600000US24161,24161,ZCTA5 24161,22182,4833
8600000US24162,24162,ZCTA5 24162,22120,3057
8600000US24165,24165,ZCTA5 24165,18682,2981
8600000US24167,24167,ZCTA5 24167,20045,6686
8600000US24168,24168,ZCTA5 24168,22319,19009
8600000US24171,24171,ZCTA5 24171,21131,1542
8600000US24174,24174,ZCTA5 24174,21469,4199
8600000US24175,24175,ZCTA5 24175,35085,2702
8600000US24176,24176,ZCTA5 24176,41272,8712
8600000US24179,24179,ZCTA5 24179,27116,1926
8600000US24184,24184,ZCTA5 24184,30375,6218
8600000US24185,24185,ZCTA5 24185,26089,4939
8600000US24201,24201,ZCTA5 24201,21480,1557
8600000US24202,24202,ZCTA5 24202,25713,2403
8600000US24210,24210,ZCTA5 24210,24156,1586
8600000US24211,24211,ZCTA5 24211,36049,3190
8600000US24216,24216,ZCTA5 24216,19184,4790
8600000US24217,24217,ZCTA5 24217,12159,5023
8600000US24219,24219,ZCTA5 24219,23115,2955
8600000US24220,24220,ZCTA5 24220,20897,5418
8600000US24221,24221,ZCTA5 24221,17150,4268
8600000US24224,24224,ZCTA5 24224,19264,1827
8600000US24225,24225,ZCTA5 24225,14240,2447
8600000US24226,24226,ZCTA5 24226,35519,35614
8600000US24228,24228,ZCTA5 24228,20208,3248
8600000US24230,24230,ZCTA5 24230,17907,1820
8600000US24236,24236,ZCTA5 24236,21721,3256
8600000US24237,24237,ZCTA5 24237,19243,6437
8600000US24239,24239,ZCTA5 24239,15203,12031
8600000US24243,24243,ZCTA5 24243,23515,6639
8600000US24244,24244,ZCTA5 24244,16707,1743
8600000US24245,24245,ZCTA5 24245,16736,4399
8600000US24246,24246,ZCTA5 24246,23750,8055
8600000US24248,24248,ZCTA5 24248,20710,5502
8600000US24250,24250,ZCTA5 24250,23662,3856
8600000US24251,24251,ZCTA5 24251,22274,2305
8600000US24256,24256,ZCTA5 24256,18140,4802
8600000US24258,24258,ZCTA5 24258,24656,3789
8600000US24260,24260,ZCTA5 24260,18201,1920
8600000US24263,24263,ZCTA5 24263,18905,2973
8600000US24265,24265,ZCTA5 24265,14896,5586
8600000US24266,24266,ZCTA5 24266,25098,3161
8600000US24269,24269,ZCTA5 24269,14068,5148
8600000US24270,24270,ZCTA5 24270,19537,6018
8600000US24271,24271,ZCTA5 24271,18773,2404
8600000US24272,24272,ZCTA5 24272,17646,7613
8600000US24273,24273,ZCTA5 24273,19333,1595
8600000US24277,24277,ZCTA5 24277,15970,2100
8600000US24279,24279,ZCTA5 24279,16500,1716
8600000US24280,24280,ZCTA5 24280,23858,8712
8600000US24281,24281,ZCTA5 24281,17526,3800
8600000US24282,24282,ZCTA5 24282,14519,7080
8600000US24283,24283,ZCTA5 24283,22051,2351
8600000US24290,24290,ZCTA5 24290,22944,3921
8600000US24292,24292,ZCTA5 24292,18708,3433
8600000US24293,24293,ZCTA5 24293,28220,5251
8600000US24301,24301,ZCTA5 24301,23938,1666
8600000US24311,24311,ZCTA5 24311,18780,2173
8600000US24312,24312,ZCTA5 24312,19690,2328
8600000US24313,24313,ZCTA5 24313,22362,8498
8600000US24314,24314,ZCTA5 24314,24499,3431
8600000US24315,24315,ZCTA5 24315,21500,5102
8600000US24316,24316,ZCTA5 24316,-,**
8600000US24317,24317,ZCTA5 24317,26401,7314
8600000US24318,24318,ZCTA5 24318,25196,4751
8600000US24319,24319,ZCTA5 24319,21977,1604
8600000US24322,24322,ZCTA5 24322,22341,9041
8600000US24323,24323,ZCTA5 24323,24097,6593
8600000US24324,24324,ZCTA5 24324,31397,6938
8600000US24325,24325,ZCTA5 24325,20798,7845
8600000US24326,24326,ZCTA5 24326,23454,4238
8600000US24328,24328,ZCTA5 24328,40455,19192
8600000US24330,24330,ZCTA5 24330,17422,1782
8600000US24333,24333,ZCTA5 24333,21896,2180
8600000US24340,24340,ZCTA5 24340,22305,2137
8600000US24343,24343,ZCTA5 24343,21998,2057
8600000US24347,24347,ZCTA5 24347,27908,9344
8600000US24348,24348,ZCTA5 24348,18009,2639
8600000US24350,24350,ZCTA5 24350,27741,13212
8600000US24351,24351,ZCTA5 24351,14497,4616
8600000US24352,24352,ZCTA5 24352,19229,3614
8600000US24354,24354,ZCTA5 24354,23652,2726
8600000US24360,24360,ZCTA5 24360,20839,2179
8600000US24361,24361,ZCTA5 24361,20940,1888
8600000US24363,24363,ZCTA5 24363,27641,12324
8600000US24366,24366,ZCTA5 24366,24358,7502
8600000US24368,24368,ZCTA5 24368,25618,2703
8600000US24370,24370,ZCTA5 24370,19724,3164
8600000US24374,24374,ZCTA5 24374,21308,5589
8600000US24375,24375,ZCTA5 24375,19890,2990
8600000US24377,24377,ZCTA5 24377,25918,7749
8600000US24378,24378,ZCTA5 24378,18506,1803
8600000US24380,24380,ZCTA5 24380,20302,3620
8600000US24381,24381,ZCTA5 24381,28561,6609
8600000US24382,24382,ZCTA5 24382,26740,2570
8600000US24401,24401,ZCTA5 24401,29703,1541
8600000US24413,24413,ZCTA5 24413,25307,5843
8600000US24416,24416,ZCTA5 24416,21762,2179
8600000US24421,24421,ZCTA5 24421,38020,7896
8600000US24422,24422,ZCTA5 24422,23645,2211
8600000US24426,24426,ZCTA5 24426,25459,1572
8600000US24430,24430,ZCTA5 24430,11567,1614
8600000US24431,24431,ZCTA5 24431,26750,6310
8600000US24432,24432,ZCTA5 24432,35617,10241
8600000US24433,24433,ZCTA5 24433,12414,2811
8600000US24435,24435,ZCTA5 24435,35291,10224
8600000US24437,24437,ZCTA5 24437,32100,9638
8600000US24439,24439,ZCTA5 24439,24812,9818
8600000US24440,24440,ZCTA5 24440,19521,2834
8600000US24441,24441,ZCTA5 24441,24843,2478
8600000US24442,24442,ZCTA5 24442,34956,25447
8600000US24445,24445,ZCTA5 24445,26395,3793
8600000US24448,24448,ZCTA5 24448,21940,4052
8600000US24450,24450,ZCTA5 24450,28602,3391
8600000US24457,24457,ZCTA5 24457,14469,6357
8600000US24458,24458,ZCTA5 24458,35016,13801
8600000US24459,24459,ZCTA5 24459,33373,13051
8600000US24460,24460,ZCTA5 24460,25759,5946
8600000US24464,24464,ZCTA5 24464,38188,10230
8600000US24465,24465,ZCTA5 24465,35367,5724
8600000US24467,24467,ZCTA5 24467,42501,14955
8600000US24471,24471,ZCTA5 24471,30850,6607
8600000US24472,24472,ZCTA5 24472,22349,5937
8600000US24473,24473,ZCTA5 24473,25809,7804
8600000US24474,24474,ZCTA5 24474,22763,5855
8600000US24476,24476,ZCTA5 24476,37638,20163
8600000US24477,24477,ZCTA5 24477,26828,2040
8600000US24479,24479,ZCTA5 24479,31741,6967
8600000US24482,24482,ZCTA5 24482,31465,6935
8600000US24483,24483,ZCTA5 24483,22503,6352
8600000US24484,24484,ZCTA5 24484,46305,42843
8600000US24485,24485,ZCTA5 24485,29393,10202
8600000US24486,24486,ZCTA5 24486,23454,2444
8600000US24487,24487,ZCTA5 24487,18902,6976
8600000US24501,24501,ZCTA5 24501,17109,1459
8600000US24502,24502,ZCTA5 24502,21969,1143
8600000US24503,24503,ZCTA5 24503,38694,3420
8600000US24504,24504,ZCTA5 24504,23340,2574
8600000US24517,24517,ZCTA5 24517,23577,3967
8600000US24520,24520,ZCTA5 24520,25062,2747
8600000US24521,24521,ZCTA5 24521,23987,1913
8600000US24522,24522,ZCTA5 24522,25745,2050
8600000US24523,24523,ZCTA5 24523,25061,1365
8600000US24526,24526,ZCTA5 24526,32429,5330
8600000US24527,24527,ZCTA5 24527,24724,3529
8600000US24528,24528,ZCTA5 24528,20976,2276
8600000US24529,24529,ZCTA5 24529,22108,4369
8600000US24530,24530,ZCTA5 24530,18785,4015
8600000US24531,24531,ZCTA5 24531,24338,3362
8600000US24534,24534,ZCTA5 24534,17893,2457
8600000US24536,24536,ZCTA5 24536,25547,6583
8600000US24538,24538,ZCTA5 24538,33319,8780
8600000US24539,24539,ZCTA5 24539,23215,11825
8600000US24540,24540,ZCTA5 24540,22559,1547
8600000US24541,24541,ZCTA5 24541,24113,1102
8600000US24549,24549,ZCTA5 24549,22130,1937
8600000US24550,24550,ZCTA5 24550,31185,3020
8600000US24551,24551,ZCTA5 24551,35022,1557
8600000US24553,24553,ZCTA5 24553,23139,4508
8600000US24554,24554,ZCTA5 24554,23163,4422
8600000US24555,24555,ZCTA5 24555,22733,2574
8600000US24556,24556,ZCTA5 24556,29261,5740
8600000US24557,24557,ZCTA5 24557,21164,1511
8600000US24558,24558,ZCTA5 24558,23292,2552
8600000US24562,24562,ZCTA5 24562,16811,5437
8600000US24563,24563,ZCTA5 24563,21612,1749
8600000US24565,24565,ZCTA5 24565,20001,3810
8600000US24566,24566,ZCTA5 24566,21048,4148
8600000US24569,24569,ZCTA5 24569,33252,14073
8600000US24571,24571,ZCTA5 24571,27519,4567
8600000US24572,24572,ZCTA5 24572,24166,2289
8600000US24574,24574,ZCTA5 24574,27727,3450
8600000US24577,24577,ZCTA5 24577,20229,2423
8600000US24578,24578,ZCTA5 24578,23405,7438
8600000US24579,24579,ZCTA5 24579,22166,3667
8600000US24580,24580,ZCTA5 24580,23609,8465
8600000US24586,24586,ZCTA5 24586,20827,2916
8600000US24588,24588,ZCTA5 24588,23328,1916
8600000US24589,24589,ZCTA5 24589,20995,2148
8600000US24590,24590,ZCTA5 24590,26519,2700
8600000US24592,24592,ZCTA5 24592,19145,1545
8600000US24593,24593,ZCTA5 24593,26229,6744
8600000US24594,24594,ZCTA5 24594,19045,5408
8600000US24595,24595,ZCTA5 24595,5759,4372
8600000US24597,24597,ZCTA5 24597,22851,4567
8600000US24598,24598,ZCTA5 24598,24669,4081
8600000US24599,24599,ZCTA5 24599,19541,5962
8600000US24601,24601,ZCTA5 24601,15329,7846
8600000US24602,24602,ZCTA5 24602,20509,5521
8600000US24603,24603,ZCTA5 24603,17742,7114
8600000US24604,24604,ZCTA5 24604,11261,3292
8600000US24605,24605,ZCTA5 24605,29453,4998
8600000US24606,24606,ZCTA5 24606,17210,11463
8600000US24607,24607,ZCTA5 24607,15892,6540
8600000US24609,24609,ZCTA5 24609,22292,1950
8600000US24612,24612,ZCTA5 24612,10122,3943
8600000US24613,24613,ZCTA5 24613,25260,4141
8600000US24614,24614,ZCTA5 24614,21482,2658
8600000US24620,24620,ZCTA5 24620,14510,2435
8600000US24622,24622,ZCTA5 24622,23511,9852
8600000US24628,24628,ZCTA5 24628,17460,9103
8600000US24630,24630,ZCTA5 24630,22327,3447
8600000US24631,24631,ZCTA5 24631,18883,3270
8600000US24634,24634,ZCTA5 24634,20525,4952
8600000US24635,24635,ZCTA5 24635,10432,1925
8600000US24637,24637,ZCTA5 24637,27905,5567
8600000US24639,24639,ZCTA5 24639,20462,4140
8600000US24641,24641,ZCTA5 24641,20494,2209
8600000US24646,24646,ZCTA5 24646,18028,3271
8600000US24649,24649,ZCTA5 24649,22056,4663
8600000US24651,24651,ZCTA5 24651,30049,9116
8600000US24656,24656,ZCTA5 24656,21636,3927
8600000US24657,24657,ZCTA5 24657,20941,5732
8600000US27024,27024,ZCTA5 27024,21604,4798
8600000US27030,27030,ZCTA5 27030,21609,1174
8600000US27048,27048,ZCTA5 27048,23638,2035
8600000US27288,27288,ZCTA5 27288,19722,1162
8600000US27551,27551,ZCTA5 27551,28162,6488
8600000US27553,27553,ZCTA5 27553,18680,3790
8600000US27818,27818,ZCTA5 27818,19401,5916
8600000US27850,27850,ZCTA5 27850,26336,2736
8600000US27853,27853,ZCTA5 27853,26331,8547
8600000US28623,28623,ZCTA5 28623,20861,3151
8600000US28631,28631,ZCTA5 28631,26528,7639
8600000US28643,28643,ZCTA5 28643,18531,2703
